symbol,time,volume,bollingerbands,lowerband,middleband,standarddeviation,upperband,onbalancevolume,averagegain,averageloss,relativestrengthindex
SPY R735QTJ8XC9X,2/5/2019,49453747,264.226811,253.8206,260.072461,3.125931,266.324323,3.660811,1.11325,0.571196,66.089965
SPY R735QTJ8XC9X,2/6/2019,63632070,265.382803,254.026362,261.037978,3.505808,268.049594,4.297132,1.228849,0.23217,84.109043
SPY R735QTJ8XC9X,2/7/2019,45222377,264.955378,254.594749,261.750233,3.577742,268.905716,3.844908,1.191935,0.274912,81.258278
SPY R735QTJ8XC9X,2/8/2019,86019041,262.468537,255.318119,261.880833,3.281357,268.443547,2.984718,1.161821,0.523597,68.933718
SPY R735QTJ8XC9X,2/9/2019,65405543,262.75025,255.737636,262.038909,3.150636,268.340182,3.638773,0.976279,0.523597,65.090674
SPY R735QTJ8XC9X,2/12/2019,58736757,262.915391,257.006371,262.198269,2.595949,267.390168,4.226141,0.992793,0.326398,75.257732
SPY R735QTJ8XC9X,2/13/2019,61888254,266.286226,259.398294,262.941534,1.77162,266.484775,4.845023,1.329877,0.291427,82.025165
SPY R735QTJ8XC9X,2/14/2019,56508992,267.121649,260.301744,263.701555,1.699906,267.101367,5.410113,1.009308,0.291427,77.59522
SPY R735QTJ8XC9X,2/15/2019,74271920,266.538796,260.779189,264.217417,1.719114,267.655645,4.667394,0.78588,0.349712,69.204448
SPY R735QTJ8XC9X,2/16/2019,77446692,269.462776,260.949411,265.171119,2.110854,269.392826,5.441861,1.059822,0.349712,75.189524
SPY R735QTJ8XC9X,2/20/2019,51251395,269.90963,261.03516,266.032666,2.498753,271.030172,5.954375,0.917994,0.349712,72.413793
SPY R735QTJ8XC9X,2/21/2019,66438109,270.48277,261.121507,266.841776,2.860135,272.562046,6.618756,0.859709,0.349712,71.084337
SPY R735QTJ8XC9X,2/22/2019,54076347,269.530776,261.382927,267.330685,2.973879,273.278443,6.077993,0.859709,0.402169,68.12933
SPY R735QTJ8XC9X,2/23/2019,67524411,271.162765,262.297509,268.027427,2.864959,273.757345,6.753237,1.022907,0.153485,86.952931
SPY R735QTJ8XC9X,2/26/2019,62309105,271.580476,263.522811,268.673436,2.575312,273.824061,7.376328,1.036507,0.153485,87.102041
SPY R735QTJ8XC9X,2/27/2019,50803236,271.357049,265.356852,269.161366,1.902257,272.96588,6.868295,1.019993,0.175827,85.296507
SPY R735QTJ8XC9X,2/28/2019,50261056,271.250193,266.193775,269.541152,1.673689,272.88853,6.365685,0.68291,0.186513,78.547486
SPY R735QTJ8XC9X,3/1/2019,52705292,270.579912,266.903247,269.730018,1.413385,272.556789,5.838632,0.599367,0.253541,70.273349
SPY R735QTJ8XC9X,3/2/2019,63841484,272.474185,268.396674,270.228957,0.916142,272.061241,6.477047,0.788795,0.195256,80.157947
SPY R735QTJ8XC9X,3/5/2019,89439315,271.425049,268.810234,270.446428,0.818097,272.082623,5.582654,0.496397,0.300169,62.317073
SPY R735QTJ8XC9X,3/6/2019,48424114,271.075337,269.086822,270.560775,0.736977,272.034729,5.098412,0.451711,0.335141,57.407407
SPY R735QTJ8XC9X,3/7/2019,61764426,269.375348,268.569393,270.345243,0.887925,272.121093,4.480768,0.394397,0.505139,43.844492
SPY R735QTJ8XC9X,3/8/2019,85177517,267.218791,266.991037,269.776797,1.39288,272.562558,3.628993,0.394397,0.625596,38.666667
SPY R735QTJ8XC9X,3/9/2019,74622647,266.684509,265.540181,269.214563,1.837191,272.888945,2.882767,0.231198,0.679024,25.400213
SPY R735QTJ8XC9X,3/12/2019,53869973,270.541055,265.874264,269.455743,1.79074,273.037223,3.421466,0.575082,0.679024,45.855926
SPY R735QTJ8XC9X,3/13/2019,65873897,271.454192,266.224594,269.819098,1.797252,273.413602,4.080205,0.666396,0.656681,50.367107
SPY R735QTJ8XC9X,3/14/2019,65954284,273.299894,266.434247,270.45197,2.008861,274.469693,4.739748,0.850966,0.645996,56.846204
SPY R735QTJ8XC9X,3/15/2019,57026013,273.15418,266.599105,270.943281,2.172088,275.287456,4.169488,0.850966,0.593539,58.910558
SPY R735QTJ8XC9X,3/16/2019,68685747,274.513448,266.764161,271.592402,2.41412,276.420643,4.856345,0.797465,0.593539,57.330184
SPY R735QTJ8XC9X,3/19/2019,52765060,275.528177,266.724005,272.307998,2.791996,277.89199,5.383996,0.898938,0.488625,64.785371
SPY R735QTJ8XC9X,3/20/2019,74328096,275.61599,266.757742,272.909451,3.075854,279.06116,6.127277,0.907719,0.453654,66.676735
SPY R735QTJ8XC9X,3/21/2019,74775521,274.689074,267.071655,273.233019,3.080682,279.394383,5.379522,0.907719,0.376347,70.691012
SPY R735QTJ8XC9X,3/22/2019,70143899,277.752775,268.109808,274.054793,2.972492,279.999777,6.080961,1.21409,0.160691,88.311508
SPY R735QTJ8XC9X,3/23/2019,109656626,272.454719,269.679357,273.76387,2.042257,277.848383,4.984394,1.21409,0.637069,65.585407
SPY R735QTJ8XC9X,3/26/2019,75302742,272.249822,269.863371,273.488589,1.812609,277.113806,4.231367,0.828435,0.657558,55.74958
SPY R735QTJ8XC9X,3/27/2019,58284166,274.201224,270.438919,273.618159,1.58962,276.797398,4.814209,0.932261,0.657558,58.639446
SPY R735QTJ8XC9X,3/28/2019,65314409,272.923056,270.255415,273.491776,1.618181,276.728138,4.161065,0.747691,0.785375,48.770967
SPY R735QTJ8XC9X,3/29/2019,50516583,273.957299,270.419717,273.576417,1.57835,276.733117,4.66623,0.851116,0.770804,52.475827
SPY R735QTJ8XC9X,3/30/2019,58330171,275.742831,270.709684,273.97031,1.630313,277.230936,5.249532,0.893742,0.770804,53.692849
SPY R735QTJ8XC9X,4/2/2019,61425169,278.94313,270.67833,274.874459,2.098065,279.070589,5.863784,1.112299,0.770804,59.067358
SPY R735QTJ8XC9X,4/3/2019,36476150,279.030943,270.742417,275.630184,2.443884,280.517951,6.228545,1.112299,0.770804,59.067358
SPY R735QTJ8XC9X,4/4/2019,57596315,279.557822,270.825661,276.3443,2.75932,281.862939,6.804509,1.164987,0.678112,63.208047
SPY R735QTJ8XC9X,4/5/2019,44903032,280.231055,270.986885,277.050983,3.032049,283.115081,7.253539,0.92594,0.678112,57.725061
SPY R735QTJ8XC9X,4/6/2019,51277516,281.518981,271.448022,277.863346,3.207662,284.27867,7.766314,1.054733,0.148307,87.672344
SPY R735QTJ8XC9X,4/9/2019,42523275,281.801934,272.337611,278.579453,3.120921,284.821294,8.191547,1.083028,0.127817,89.443997
SPY R735QTJ8XC9X,4/10/2019,56856282,280.328626,272.991483,278.897484,2.953,284.803485,7.622984,0.887888,0.275148,76.342282
SPY R735QTJ8XC9X,4/11/2019,44465464,281.284812,274.495191,279.331544,2.418177,284.167897,8.067639,0.983507,0.147331,86.971527
SPY R735QTJ8XC9X,4/12/2019,49985812,281.22627,276.256446,279.67604,1.709797,283.095633,7.56778,0.880082,0.153185,85.174693
SPY R735QTJ8XC9X,4/13/2019,53088956,283.138644,277.776945,280.305604,1.26433,282.834263,8.09867,0.892766,0.153185,85.354478
SPY R735QTJ8XC9X,4/16/2019,39946057,282.943504,278.233209,280.785222,1.276007,283.337236,7.699209,0.572736,0.172699,76.832461
SPY R735QTJ8XC9X,4/17/2019,46586005,283.128887,278.812451,281.211343,1.199446,283.610235,8.165069,0.582493,0.172699,77.131783
SPY R735QTJ8XC9X,4/18/2019,46042854,282.445897,279.378377,281.435807,1.028715,283.493237,7.704641,0.529806,0.240998,68.734177
SPY R735QTJ8XC9X,4/19/2019,56401412,282.972775,279.847851,281.715256,0.933702,283.582661,8.268655,0.51517,0.240998,68.129032
SPY R735QTJ8XC9X,4/23/2019,33094018,283.255728,280.047284,281.995342,0.974029,283.9434,8.599595,0.414673,0.240998,63.244048
SPY R735QTJ8XC9X,4/24/2019,46597008,285.753523,279.851753,282.678647,1.413447,285.505542,9.065565,0.636157,0.240998,72.525028
SPY R735QTJ8XC9X,4/25/2019,38386695,285.129074,280.40746,283.12418,1.35836,285.840899,8.681698,0.636157,0.156112,80.295567
SPY R735QTJ8XC9X,4/26/2019,46574850,284.982719,280.844673,283.462096,1.308711,286.079519,8.21595,0.540538,0.170748,75.994513
SPY R735QTJ8XC9X,4/27/2019,39206873,286.309672,281.349937,283.979837,1.31495,286.609737,8.608019,0.673234,0.164893,80.32596
SPY R735QTJ8XC9X,4/30/2019,53384943,286.670681,281.476335,284.469081,1.496373,287.461828,9.141868,0.518097,0.164893,75.857143
SPY R735QTJ8XC9X,5/1/2019,63493156,286.826794,281.737516,284.897756,1.58012,288.057997,9.7768,0.533708,0.145379,78.591954
SPY R735QTJ8XC9X,5/2/2019,59240887,284.748551,281.898402,284.870628,1.486113,287.842854,9.184391,0.51517,0.353204,59.325843
SPY R735QTJ8XC9X,5/3/2019,59056835,284.182644,282.196617,284.74554,1.274461,287.294463,8.593822,0.51517,0.341495,60.136674
SPY R735QTJ8XC9X,5/4/2019,45230166,286.875579,282.81093,285.13282,1.160945,287.45471,9.046124,0.731776,0.341495,68.181818
SPY R735QTJ8XC9X,5/7/2019,76885462,285.743766,283.453543,285.243901,0.895179,287.034259,8.277269,0.70348,0.454677,60.741365
SPY R735QTJ8XC9X,5/8/2019,118752754,281.03113,281.143909,284.477943,1.667017,287.811976,7.089742,0.453701,0.92594,32.885431
SPY R735QTJ8XC9X,5/9/2019,74985621,280.572551,279.405408,283.767871,2.181232,288.130335,6.339886,0.453701,0.909353,33.285612
SPY R735QTJ8XC9X,5/10/2019,90340845,279.782233,277.753232,283.04321,2.644989,288.333188,5.436477,0.453701,0.973749,31.784005
SPY R735QTJ8XC9X,5/11/2019,97250432,281.021373,277.249648,282.675603,2.712978,288.101559,6.408982,0.44492,0.973749,31.361761
SPY R735QTJ8XC9X,5/14/2019,106318508,274.132925,273.593017,281.122389,3.764686,288.651761,5.345796,0.408819,1.662594,19.736222
SPY R735QTJ8XC9X,5/15/2019,68133955,276.435579,272.554917,280.270242,3.857662,287.985566,6.027136,0.623473,1.662594,27.272727
SPY R735QTJ8XC9X,5/16/2019,62789266,278.133299,272.276594,279.881707,3.802556,287.486819,6.655029,0.793245,1.45477,35.286458
SPY R735QTJ8XC9X,5/17/2019,62972298,280.650607,272.758889,280.021507,3.631309,287.284124,7.284752,1.044976,1.398179,42.771565
SPY R735QTJ8XC9X,5/18/2019,81700974,278.952887,273.950181,279.827212,2.938516,285.704244,6.467742,0.775682,1.567951,33.097419
SPY R735QTJ8XC9X,5/21/2019,52966450,277.079542,274.934937,279.327636,2.196349,283.720334,5.938077,0.775682,1.642105,32.082324
SPY R735QTJ8XC9X,5/22/2019,41550292,279.528551,275.192638,279.364166,2.085764,283.535693,6.35358,1.020583,1.170841,46.571683
SPY R735QTJ8XC9X,5/23/2019,43822922,278.679691,275.2713,279.239716,1.984208,283.208132,5.915351,1.020583,1.209869,45.75678
SPY R735QTJ8XC9X,5/24/2019,82850363,275.411093,274.308987,278.543603,2.117308,282.778218,5.086847,1.020583,1.457697,41.181102
SPY R735QTJ8XC9X,5/25/2019,46333512,275.928215,274.198942,278.068077,1.934568,281.937213,5.550183,0.948381,1.457697,39.416058
SPY R735QTJ8XC9X,5/29/2019,59377443,273.391392,273.075116,277.217771,2.071327,281.360426,4.956408,0.948381,1.022535,48.118812
SPY R735QTJ8XC9X,5/30/2019,91700759,271.576589,270.762167,276.192102,2.714967,281.622036,4.039401,0.718116,1.204015,37.360406
SPY R735QTJ8XC9X,5/31/2019,54615341,272.269336,269.459466,275.478871,3.009703,281.498277,4.585554,0.617619,1.204015,33.90466
SPY R735QTJ8XC9X,6/1/2019,69859658,268.678757,267.415292,274.242487,3.413597,281.069682,3.886957,0.365888,1.563073,18.968134
SPY R735QTJ8XC9X,6/4/2019,86153716,267.907953,265.546113,273.090754,3.77232,280.635394,3.02542,0.365888,1.470381,19.925611
SPY R735QTJ8XC9X,6/5/2019,67044056,273.713373,265.935583,273.203957,3.634187,280.472332,3.695861,0.94643,1.283047,42.450766
SPY R735QTJ8XC9X,6/6/2019,61034426,276.035542,267.318942,273.718791,3.199924,280.118639,4.306205,0.933746,1.283047,42.121479
SPY R735QTJ8XC9X,6/7/2019,55576626,277.821074,268.335317,274.46466,3.064672,280.594004,4.861971,1.112299,1.198161,48.141892
SPY R735QTJ8XC9X,6/8/2019,62828605,280.64085,268.080344,275.587604,3.75363,283.094864,5.490257,1.394277,0.871301,61.541774
SPY R735QTJ8XC9X,6/11/2019,53568144,281.919018,267.822677,276.73877,4.458047,285.654863,6.025939,1.470381,0.871301,62.791667
SPY R735QTJ8XC9X,6/12/2019,47942865,281.870233,267.743662,277.671763,4.964051,287.599865,5.54651,1.470381,0.622497,70.25641
SPY R735QTJ8XC9X,6/13/2019,39231430,281.353112,268.12845,278.341099,5.106325,288.553749,5.154196,1.470381,0.492729,74.900596
SPY R735QTJ8XC9X,6/14/2019,42453139,282.611766,268.62422,279.117584,5.246682,289.610949,5.578727,1.526972,0.492729,75.603865
SPY R735QTJ8XC9X,6/15/2019,43747949,282.162943,270.55809,279.671286,4.556598,288.784482,5.141248,1.526972,0.178553,89.530892
SPY R735QTJ8XC9X,6/18/2019,34088973,282.406868,274.28063,280.168665,2.944017,286.056699,5.482137,1.551364,0.101473,93.860685
SPY R735QTJ8XC9X,6/19/2019,75110913,285.187616,276.195753,281.081201,2.442724,285.966649,6.233247,1.248897,0.101473,92.485549
SPY R735QTJ8XC9X,6/20/2019,68666550,285.929149,277.693875,281.962646,2.134386,286.231418,6.919912,1.090834,0.101473,91.489362
SPY R735QTJ8XC9X,6/21/2019,85150279,288.651354,278.425569,283.178775,2.376603,287.931981,7.771415,1.184501,0.101473,92.109256
SPY R735QTJ8XC9X,6/22/2019,64922905,288.329383,278.853866,284.115249,2.630692,289.376633,7.122186,0.902523,0.13367,87.099898
SPY R735QTJ8XC9X,6/25/2019,37333523,287.897987,279.289747,284.80302,2.756636,290.316293,6.748851,0.774707,0.17681,81.418119
SPY R735QTJ8XC9X,6/26/2019,67759879,285.103718,279.661999,284.857692,2.597846,290.053385,6.071252,0.774707,0.451358,63.186438
SPY R735QTJ8XC9X,6/27/2019,41788549,284.789975,280.227899,284.84538,2.30874,289.462861,5.653366,0.774707,0.43102,64.252251
SPY R735QTJ8XC9X,6/28/2019,33365220,285.848856,280.771833,285.02783,2.127999,289.283827,5.987019,0.754729,0.43102,63.649979
SPY R735QTJ8XC9X,6/29/2019,45792326,287.348938,281.788132,285.44985,1.830859,289.111568,6.444942,0.904737,0.386138,70.087125
SPY R735QTJ8XC9X,7/2/2019,60531740,289.829465,282.926655,286.246143,1.659744,289.565632,7.050259,1.128398,0.386138,74.504532
SPY R735QTJ8XC9X,7/3/2019,54199349,290.662843,283.261413,287.04918,1.893883,290.836946,7.592253,0.933661,0.386138,70.742663
SPY R735QTJ8XC9X,7/4/2019,29901227,292.917868,283.269783,288.116214,2.423215,292.962644,7.891265,1.08501,0.386138,73.752608
SPY R735QTJ8XC9X,7/6/2019,40806246,292.52569,283.396826,288.917937,2.760555,294.439048,7.483202,0.812789,0.425356,65.645726
SPY R735QTJ8XC9X,7/9/2019,36547614,291.055021,283.585521,289.306498,2.860488,295.027474,7.117726,0.812789,0.540225,60.072464
SPY R735QTJ8XC9X,7/10/2019,34012578,291.4472,283.804292,289.695716,2.945712,295.587141,7.457852,0.852007,0.497086,63.15407
SPY R735QTJ8XC9X,7/11/2019,48151084,292.770801,284.683961,290.254822,2.785431,295.825684,7.939363,0.984367,0.217659,81.892333
SPY R735QTJ8XC9X,7/12/2019,45476470,293.437504,286.093461,290.833492,2.370015,295.573523,8.394128,1.051037,0.186285,84.944532
SPY R735QTJ8XC9X,7/13/2019,34912326,294.800323,287.558507,291.554734,1.998113,295.55096,8.743251,1.081431,0.186285,85.305491
SPY R735QTJ8XC9X,7/16/2019,27753630,294.878759,288.95066,292.159102,1.604221,295.367544,9.020787,0.939267,0.186285,83.449477
SPY R735QTJ8XC9X,7/17/2019,35021077,293.8689,289.68497,292.469974,1.392502,295.254978,8.670576,0.691214,0.287271,70.641283
SPY R735QTJ8XC9X,7/18/2019,33722300,291.947227,289.901737,292.374929,1.236596,294.848122,8.333353,0.607876,0.479438,55.906222
SPY R735QTJ8XC9X,7/19/2019,45593713,292.996303,290.014863,292.487906,1.236522,294.96095,8.789291,0.487281,0.479438,50.40568
SPY R735QTJ8XC9X,7/20/2019,61722164,291.309937,289.612363,292.27373,1.330684,294.935098,8.172069,0.487281,0.608857,44.454383
SPY R735QTJ8XC9X,7/23/2019,34971201,292.094294,289.796042,292.241105,1.222532,294.686169,8.521781,0.565717,0.46179,55.057252
SPY R735QTJ8XC9X,7/24/2019,39550482,294.094402,290.274229,292.578068,1.151919,294.881907,8.917286,0.72651,0.46179,61.138614
SPY R735QTJ8XC9X,7/25/2019,37781458,295.486635,290.463544,293.106899,1.321677,295.750253,9.2951,0.733373,0.46179,61.361772
SPY R735QTJ8XC9X,7/26/2019,43434512,294.094402,290.619175,293.286445,1.333635,295.953715,8.860755,0.666703,0.601013,52.590874
SPY R735QTJ8XC9X,7/27/2019,33229103,296.084706,290.79762,293.79522,1.4988,296.792819,9.193046,0.729451,0.601013,54.826824
SPY R735QTJ8XC9X,7/30/2019,32657935,295.584679,290.983883,294.120576,1.568346,297.257269,8.866467,0.721608,0.651016,52.571429
SPY R735QTJ8XC9X,7/31/2019,38727551,294.927781,291.052065,294.26734,1.607638,297.482616,8.479191,0.721608,0.61572,53.958944
SPY R735QTJ8XC9X,8/1/2019,91133262,291.564853,290.462918,293.775979,1.65653,297.08904,7.567859,0.721608,0.759845,48.709464
SPY R735QTJ8XC9X,8/2/2019,127044777,289.103935,288.566781,292.926517,2.179868,297.286252,6.297411,0.6167,1.005937,38.006042
SPY R735QTJ8XC9X,8/3/2019,96910631,287.035195,286.123744,291.855367,2.865812,297.586991,5.328305,0.6167,1.044174,37.131051
SPY R735QTJ8XC9X,8/6/2019,148754919,278.485711,278.962272,289.424521,5.231124,299.886769,3.840756,0.538265,1.899123,22.083669
SPY R735QTJ8XC9X,8/7/2019,97851678,282.152577,276.380203,288.102349,5.861073,299.824495,4.819272,0.70494,1.899123,27.070783
SPY R735QTJ8XC9X,8/8/2019,110271404,282.387884,274.96298,287.063356,6.050188,299.163731,5.921986,0.589248,1.899123,23.680063
SPY R735QTJ8XC9X,8/9/2019,70626748,287.809747,275.548332,287.199063,5.825365,298.849794,6.628254,1.131434,1.759899,39.131909
SPY R735QTJ8XC9X,8/10/2019,78913538,285.87827,276.403216,286.958919,5.277852,297.514622,5.839118,0.932404,1.953047,32.313965
SPY R735QTJ8XC9X,8/13/2019,56407758,282.46632,276.736936,286.142083,4.702573,295.547229,5.275041,0.932404,2.24424,29.351852
SPY R735QTJ8XC9X,8/14/2019,82333241,286.711648,278.811379,286.24564,3.717131,293.679902,6.098373,1.356936,2.17855,38.380477
SPY R735QTJ8XC9X,8/15/2019,114852958,278.387667,277.580625,284.816918,3.618147,292.053211,4.949844,1.356936,2.674655,33.657588
SPY R735QTJ8XC9X,8/16/2019,82279306,279.123001,276.86735,283.78166,3.457155,290.69597,5.772637,1.43047,2.428563,37.068089
SPY R735QTJ8XC9X,8/17/2019,67106847,283.211458,277.285679,283.677987,3.196154,290.070295,6.443705,1.839316,2.221689,45.292129
SPY R735QTJ8XC9X,8/20/2019,45530437,286.593995,278.089084,284.20817,3.059543,290.327257,6.89901,2.177569,1.366741,61.438451
SPY R735QTJ8XC9X,8/21/2019,43049265,284.387993,278.167798,284.240865,3.036534,290.313932,6.468517,1.810883,1.587341,53.289094
SPY R735QTJ8XC9X,8/22/2019,41779996,286.711648,278.43804,284.690099,3.126029,290.942157,6.886317,2.019718,1.587341,55.993476
SPY R735QTJ8XC9X,8/23/2019,45587277,286.593995,279.03296,285.036262,3.001651,291.039563,6.430444,1.477531,1.599106,48.024219
SPY R735QTJ8XC9X,8/24/2019,117694709,279.23085,277.500458,283.980732,3.240137,290.461006,5.253497,1.477531,2.142273,40.817985
SPY R735QTJ8XC9X,8/27/2019,58035866,282.338862,277.194601,283.68221,3.243805,290.16982,5.833856,1.788332,1.801078,49.822453
SPY R735QTJ8XC9X,8/28/2019,60149886,281.240763,277.069055,283.238311,3.084628,289.407566,5.232357,1.3638,1.910888,41.646707
SPY R735QTJ8XC9X,8/29/2019,52569341,283.182045,277.79852,283.228081,2.71478,288.657641,5.75805,1.557928,1.07849,59.092599
SPY R735QTJ8XC9X,8/30/2019,49258726,286.839106,278.847997,283.884631,2.518317,288.921264,6.250638,1.8501,1.07849,63.173753
SPY R735QTJ8XC9X,8/31/2019,51595052,286.741062,279.156829,284.403982,2.623577,289.651135,5.734687,1.441255,1.088294,56.976744
SPY R735QTJ8XC9X,9/4/2019,55428216,285.084109,279.459475,284.527641,2.534083,289.595808,5.180405,1.103001,1.25399,46.797005
SPY R735QTJ8XC9X,9/5/2019,40171678,288.221534,279.591589,285.199258,2.803835,290.806928,5.582122,1.416744,1.033389,57.823129
SPY R735QTJ8XC9X,9/6/2019,72625717,292.006053,279.337348,286.436857,3.549755,293.536367,6.308379,1.56283,1.033389,60.196375
SPY R735QTJ8XC9X,9/7/2019,42008093,292.24136,279.220704,287.492222,4.135759,295.763739,6.72846,1.586361,1.021624,60.827068
SPY R735QTJ8XC9X,9/10/2019,45987106,292.319796,280.481856,288.369962,3.944053,296.258069,7.188331,1.594204,0.28531,84.820031
SPY R735QTJ8XC9X,9/11/2019,51214974,292.368818,281.295414,289.097027,3.900806,296.89864,7.700481,1.288305,0.28531,81.869159
SPY R735QTJ8XC9X,9/12/2019,55649452,294.417949,282.862881,290.064467,3.600793,297.266054,8.256975,1.493218,0.1755,89.482961
SPY R735QTJ8XC9X,9/13/2019,67054437,295.378786,284.299457,291.030707,3.365625,297.761957,8.927519,1.395174,0.1755,88.826467
SPY R735QTJ8XC9X,9/14/2019,53754351,295.163088,285.039411,291.782049,3.371319,298.524687,8.389976,1.029468,0.19707,83.932854
SPY R735QTJ8XC9X,9/17/2019,47841370,294.290491,286.083636,292.238129,3.077247,298.392623,7.911562,1.029468,0.274525,78.947368
SPY R735QTJ8XC9X,9/18/2019,35707169,295.055239,288.589479,292.750331,2.080426,296.911183,8.268634,1.105942,0.108829,91.041162
SPY R735QTJ8XC9X,9/19/2019,68362669,295.202305,290.484519,293.196145,1.355813,295.90777,8.952261,0.806907,0.108829,88.115632
SPY R735QTJ8XC9X,9/20/2019,67729621,295.172892,291.044391,293.555553,1.255581,296.066716,8.274964,0.428455,0.111771,79.310345
SPY R735QTJ8XC9X,9/21/2019,74842204,293.649762,291.36881,293.572682,1.101936,295.776554,7.526542,0.404924,0.264084,60.526049
SPY R735QTJ8XC9X,9/24/2019,34218346,293.767959,291.787283,293.608187,0.910452,295.429091,7.868726,0.4089,0.264084,60.759268
SPY R735QTJ8XC9X,9/25/2019,84719224,291.364626,290.88769,293.200267,1.156289,295.512844,7.021534,0.403998,0.504417,44.472835
SPY R735QTJ8XC9X,9/26/2019,54672522,293.127727,290.763578,293.187078,1.21175,295.610577,7.568259,0.375395,0.504417,42.667622
SPY R735QTJ8XC9X,9/27/2019,49775103,292.507194,290.57878,293.063463,1.242341,295.548145,7.070508,0.279311,0.56647,33.024032
SPY R735QTJ8XC9X,9/28/2019,68534267,290.911539,289.758907,292.672204,1.456648,295.5855,6.385165,0.279311,0.704466,28.391708
SPY R735QTJ8XC9X,10/1/2019,42012536,292.369298,289.683064,292.61713,1.467033,295.551196,6.80529,0.425087,0.617206,40.783817
SPY R735QTJ8XC9X,10/2/2019,81297522,288.813548,288.192805,291.92557,1.866383,295.658335,5.992315,0.348612,0.972781,26.382168
SPY R735QTJ8XC9X,10/3/2019,110890927,283.731092,284.251971,290.435665,3.091847,296.619358,4.883406,0.333906,1.481027,18.397686
SPY R735QTJ8XC9X,10/4/2019,79790854,286.016227,283.165184,289.632131,3.233473,296.099077,5.681314,0.562419,1.478086,27.562746
SPY R735QTJ8XC9X,10/5/2019,50498151,289.946267,283.541074,289.689246,3.074086,295.837418,6.186296,0.955423,1.325773,41.882556
SPY R735QTJ8XC9X,10/8/2019,52017727,288.705202,283.78308,289.510329,2.863624,295.237578,5.666119,0.943603,1.449879,39.423868
SPY R735QTJ8XC9X,10/9/2019,82802775,284.213728,282.068953,288.547311,3.239179,295.025668,4.838091,0.943603,1.658693,36.260409
SPY R735QTJ8XC9X,10/10/2019,49075963,286.853454,282.273279,288.239337,2.983029,294.205394,5.328851,1.031266,1.658693,38.337605
SPY R735QTJ8XC9X,10/11/2019,50827779,288.843098,283.019239,288.349111,2.664936,293.678983,5.837128,1.23023,1.59664,43.519164
SPY R735QTJ8XC9X,10/12/2019,83097623,291.817714,283.43138,288.979766,2.774193,294.528153,6.668105,1.527692,1.437074,51.528239
SPY R735QTJ8XC9X,10/15/2019,32862819,291.561621,284.131218,289.449194,2.658988,294.767171,6.339476,1.381916,1.462684,48.580332
SPY R735QTJ8XC9X,10/16/2019,41029140,294.408191,283.796028,290.35083,3.277401,296.905632,6.749768,1.666573,1.107109,60.085227
SPY R735QTJ8XC9X,10/17/2019,42314165,293.925554,284.62962,291.00078,3.18558,297.37194,6.326626,1.666573,0.647127,72.030651
SPY R735QTJ8XC9X,10/18/2019,41459302,294.743081,285.140151,291.681198,3.270524,298.222246,6.741219,1.519812,0.647127,70.136364
SPY R735QTJ8XC9X,10/19/2019,51612215,293.502016,285.247889,292.012256,3.382184,298.776623,6.225097,1.126808,0.771233,59.366892
SPY R735QTJ8XC9X,10/22/2019,30871985,295.531059,285.526198,292.652038,3.56292,299.777879,6.533817,1.329712,0.647127,67.264574
SPY R735QTJ8XC9X,10/23/2019,44330716,294.516538,287.642553,292.991038,2.674243,298.339524,6.09051,1.329712,0.299432,81.620314
SPY R735QTJ8XC9X,10/24/2019,29219905,295.353764,289.45292,293.420625,1.983853,297.38833,6.382709,1.149463,0.299432,79.333787
SPY R735QTJ8XC9X,10/25/2019,31616320,295.905348,291.072795,293.872393,1.399799,296.671991,6.698872,1.005657,0.299432,77.056604
SPY R735QTJ8XC9X,10/26/2019,38109171,297.107014,291.607451,294.460506,1.426527,297.31356,7.079964,0.828362,0.299432,73.449782
SPY R735QTJ8XC9X,10/29/2019,35477463,298.801167,292.234798,295.249717,1.507459,298.264635,7.434738,0.997777,0.273822,78.466305
SPY R735QTJ8XC9X,10/30/2019,40492229,298.643571,292.365794,295.866781,1.750494,299.367769,7.029816,0.71312,0.289582,71.119843
SPY R735QTJ8XC9X,10/31/2019,42122496,299.569445,292.635163,296.539993,1.952415,300.444823,7.451041,0.805707,0.241318,76.952023
SPY R735QTJ8XC9X,11/1/2019,57227513,298.702669,292.964969,296.933207,1.984119,300.901444,6.878766,0.723955,0.327996,68.820225
SPY R735QTJ8XC9X,11/2/2019,58975585,301.588638,293.514605,297.779649,2.132522,302.044693,7.468522,1.012551,0.203889,83.238866
SPY R735QTJ8XC9X,11/5/2019,52712996,302.721356,293.671824,298.678141,2.503158,303.684458,7.995652,0.922919,0.203889,81.905594
SPY R735QTJ8XC9X,11/6/2019,37554201,302.386465,294.494749,299.352382,2.428816,304.210014,7.62011,0.922919,0.135926,87.162791
SPY R735QTJ8XC9X,11/7/2019,38854749,302.514512,295.375201,299.927315,2.276057,304.479428,8.008657,0.852001,0.135926,86.241276
SPY R735QTJ8XC9X,11/8/2019,49086949,303.588131,296.342019,300.592918,2.12545,304.843817,8.499527,0.904204,0.135926,86.931818
SPY R735QTJ8XC9X,11/9/2019,39980108,304.317011,297.164622,301.270025,2.052702,305.375429,8.899328,0.856926,0.135926,86.309524
SPY R735QTJ8XC9X,11/12/2019,29161472,303.755577,297.740365,301.721944,1.99079,305.703523,8.607713,0.687511,0.19207,78.163494
SPY R735QTJ8XC9X,11/13/2019,41239093,304.297311,298.559771,302.190193,1.815211,305.820614,9.020104,0.741684,0.17631,80.793991
SPY R735QTJ8XC9X,11/14/2019,48247897,304.435208,299.296484,302.598377,1.650947,305.90027,9.502583,0.662886,0.17631,78.99061
SPY R735QTJ8XC9X,11/15/2019,45220480,304.878445,300.954295,303.012935,1.02932,305.071575,9.954788,0.70721,0.089632,88.751545
SPY R735QTJ8XC9X,11/16/2019,48040182,307.143881,301.102566,303.764016,1.330725,306.425466,10.43519,0.645157,0.089632,87.801609
SPY R735QTJ8XC9X,11/19/2019,42348708,307.311326,301.253246,304.408982,1.577868,307.564717,10.858677,0.54863,0.089632,85.95679
SPY R735QTJ8XC9X,11/20/2019,60819267,307.202979,301.706104,304.916981,1.605439,308.127858,10.250484,0.54863,0.066978,89.12
SPY R735QTJ8XC9X,11/21/2019,66349104,306.11951,302.310664,305.135623,1.412479,307.960581,9.586993,0.535825,0.175325,75.34626
SPY R735QTJ8XC9X,11/22/2019,44515834,305.627024,302.64105,305.224968,1.291959,307.808887,9.141835,0.428463,0.224574,65.61086
SPY R735QTJ8XC9X,11/23/2019,34385310,306.306655,302.93071,305.421639,1.245465,307.912568,9.485688,0.423538,0.224574,65.349544
SPY R735QTJ8XC9X,11/26/2019,38936286,308.641039,303.329833,306.006984,1.338575,308.684135,9.875051,0.656976,0.16843,79.594272
SPY R735QTJ8XC9X,11/27/2019,32058823,309.291121,303.678666,306.6041,1.462717,309.529534,10.195639,0.667811,0.16843,79.858657
SPY R735QTJ8XC9X,11/28/2019,38024252,310.699631,303.978727,307.348742,1.685008,310.718757,10.575881,0.794873,0.16843,82.515337
SPY R735QTJ8XC9X,11/30/2019,25567168,309.547213,304.574074,307.748464,1.587195,310.922854,10.32021,0.750549,0.283672,72.571429
SPY R735QTJ8XC9X,12/3/2019,65478247,306.917338,304.401704,307.59735,1.597823,310.792996,9.665427,0.524005,0.54666,48.942042
SPY R735QTJ8XC9X,12/4/2019,64946631,304.829196,303.442514,307.094049,1.825768,310.745585,9.015961,0.507261,0.755474,40.171607
SPY R735QTJ8XC9X,12/5/2019,38571970,306.789291,303.364454,307.038639,1.837092,310.712823,9.401681,0.70327,0.744639,48.571429
SPY R735QTJ8XC9X,12/6/2019,36093798,307.350725,303.530489,307.095382,1.782446,310.660274,9.762618,0.759414,0.636292,54.410727
SPY R735QTJ8XC9X,12/7/2019,40015863,310.098798,304.056851,307.641457,1.792303,311.226064,10.162777,1.034221,0.587043,63.791009
SPY R735QTJ8XC9X,12/10/2019,30342074,309.153224,304.48077,307.916324,1.717777,311.351878,9.859356,0.966258,0.681601,58.637179
SPY R735QTJ8XC9X,12/11/2019,42677677,308.838033,304.639239,308.083908,1.722334,311.528576,9.43258,0.732819,0.71312,50.681199
SPY R735QTJ8XC9X,12/12/2019,42840457,309.685109,304.879639,308.375035,1.747698,311.870432,9.860984,0.752519,0.71312,51.344086
SPY R735QTJ8XC9X,12/13/2019,83095983,312.374084,305.062344,309.102135,2.019895,313.141926,10.691944,0.880565,0.71312,55.253399
SPY R735QTJ8XC9X,12/14/2019,68354585,312.51198,305.049873,309.722107,2.336117,314.39434,11.37549,0.894355,0.597878,59.933993
SPY R735QTJ8XC9X,12/17/2019,63063917,314.708468,305.006752,310.628718,2.810983,316.250684,12.006129,1.114004,0.334891,76.886472
SPY R735QTJ8XC9X,12/18/2019,46614141,314.757716,306.000701,311.379445,2.689372,316.758188,12.47227,1.118928,0.126076,89.873418
SPY R735QTJ8XC9X,12/19/2019,41031167,314.767566,306.765465,311.995467,2.615001,317.225468,12.882582,0.923904,0.126076,87.992495
SPY R735QTJ8XC9X,12/20/2019,64410721,316.087429,307.605443,312.73946,2.567009,317.873477,13.526689,0.999747,0.126076,88.8014
SPY R735QTJ8XC9X,12/21/2019,108600165,317.680996,307.831619,313.637921,2.903151,319.444223,14.612691,0.884296,0.126076,87.521789
SPY R735QTJ8XC9X,12/24/2019,39291205,317.958144,308.581449,314.423416,2.920984,320.265383,15.005603,0.912011,0.031519,96.659449
SPY R735QTJ8XC9X,12/25/2019,15916664,317.987838,309.880722,315.071493,2.595385,320.262264,15.16477,0.914981,0,100
SPY R735QTJ8XC9X,12/27/2019,27007079,319.621032,311.271102,315.898682,2.31379,320.526262,15.43484,0.993592,0,100
SPY R735QTJ8XC9X,12/28/2019,36128208,319.571542,312.08593,316.566475,2.240272,321.047019,15.073558,0.724695,0.004949,99.321714
SPY R735QTJ8XC9X,12/31/2019,41749307,317.829468,313.188914,316.79611,1.803598,320.403305,14.656065,0.710905,0.179156,79.871459
SPY R735QTJ8XC9X,1/1/2020,38035601,318.611422,313.803843,317.126166,1.661162,320.44849,15.036421,0.569452,0.179156,76.068066
SPY R735QTJ8XC9X,1/3/2020,47979751,321.531375,314.354437,317.927113,1.786338,321.49979,15.516219,0.856522,0.179156,82.701543
SPY R735QTJ8XC9X,1/4/2020,58171176,319.15582,315.362948,318.150515,1.393784,320.938082,14.934507,0.855537,0.416712,67.246045
SPY R735QTJ8XC9X,1/7/2020,42905403,320.373292,316.15541,318.554656,1.199623,320.953902,15.363561,0.845298,0.416712,66.980302
SPY R735QTJ8XC9X,1/8/2020,34440356,319.47256,316.490984,318.721548,1.115282,320.952111,15.019158,0.685942,0.506785,57.510373
SPY R735QTJ8XC9X,1/9/2020,56472477,321.115653,316.833219,319.156839,1.16181,321.480459,15.583882,0.822536,0.506785,61.876396
SPY R735QTJ8XC9X,1/10/2020,43199217,323.293245,316.908988,319.908913,1.499962,322.908838,16.015874,1.037326,0.506785,67.179487
SPY R735QTJ8XC9X,1/11/2020,44840170,322.372717,317.075951,320.356877,1.640463,323.637804,15.567473,0.874006,0.598838,59.341398
SPY R735QTJ8XC9X,1/14/2020,36645105,324.619596,317.025292,321.131917,2.053313,325.238543,15.933924,1.098694,0.593889,64.912281
SPY R735QTJ8XC9X,1/15/2020,54215122,324.114791,317.679131,321.674258,1.997564,325.669385,15.391773,1.098694,0.470162,70.031546
SPY R735QTJ8XC9X,1/16/2020,58684822,324.827457,318.28833,322.247567,1.979618,326.206803,15.978621,1.091766,0.470162,69.898606
SPY R735QTJ8XC9X,1/17/2020,41504434,327.529651,318.112972,323.207946,2.547487,328.302919,16.393665,1.06999,0.470162,69.473008
SPY R735QTJ8XC9X,1/18/2020,64427164,328.638243,318.579429,324.195273,2.807922,329.811116,17.037937,1.180849,0.232606,83.543417
SPY R735QTJ8XC9X,1/22/2020,61564507,327.935475,319.184263,324.875309,2.845523,330.566356,16.422292,1.059102,0.302883,77.761628
SPY R735QTJ8XC9X,1/23/2020,42992874,328.004762,320.442606,325.444301,2.500848,330.445996,16.85222,1.06603,0.21281,83.359133
SPY R735QTJ8XC9X,1/24/2020,41707402,328.361095,321.504773,325.974627,2.234927,330.444481,17.269294,0.937354,0.21281,81.497418
SPY R735QTJ8XC9X,1/25/2020,75159906,325.40155,321.739385,325.870431,2.065523,330.001477,16.517695,0.719595,0.508765,58.581789
SPY R735QTJ8XC9X,1/28/2020,68508419,320.224819,319.817086,324.843956,2.513435,329.870827,15.832611,0.719595,0.934385,43.506882
SPY R735QTJ8XC9X,1/29/2020,54557226,323.560495,319.432395,324.6106,2.589102,329.788805,16.378183,0.828475,0.934385,46.99607
SPY R735QTJ8XC9X,1/30/2020,43330052,323.273448,319.05305,324.367481,2.657216,329.681912,15.944883,0.828475,0.912609,47.583854
SPY R735QTJ8XC9X,1/31/2020,67573874,324.322652,319.000426,324.35933,2.679452,329.718235,16.620622,0.862129,0.912609,48.577803
SPY R735QTJ8XC9X,2/1/2020,94571627,318.472848,316.56796,323.289061,3.36055,330.010162,15.674905,0.591909,1.497589,28.327807
SPY R735QTJ8XC9X,2/4/2020,58824069,320.838504,316.26732,322.843505,3.288093,329.41969,16.263146,0.717616,1.497589,32.394996
SPY R735QTJ8XC9X,2/5/2020,52783086,325.728189,317.1938,323.367993,3.087097,329.542186,16.790977,1.206584,1.427313,45.809846
SPY R735QTJ8XC9X,2/6/2020,52442916,329.439993,317.863783,324.471993,3.304105,331.080203,17.315406,1.570836,1.427313,52.393529
SPY R735QTJ8XC9X,2/7/2020,42270642,330.558484,318.288958,325.578628,3.644835,332.868298,17.738113,1.647051,1.427313,53.573728
SPY R735QTJ8XC9X,2/8/2020,53219519,328.81641,318.378301,326.167315,3.894507,333.95633,17.205917,1.647051,1.305565,55.782769
SPY R735QTJ8XC9X,2/11/2020,34217248,331.281048,318.932973,327.097085,4.082056,335.261197,17.54809,1.893515,0.787892,70.616464
SPY R735QTJ8XC9X,2/12/2020,48728850,331.865039,319.147155,327.963986,4.408416,336.780817,18.035378,1.618347,0.787892,67.256273
SPY R735QTJ8XC9X,2/13/2020,34988637,333.973344,319.481713,329.056596,4.787442,338.63148,18.385265,1.829177,0.759188,70.669216
SPY R735QTJ8XC9X,2/14/2020,46924976,333.646705,319.93856,329.891162,4.976301,339.843763,17.916015,1.724257,0.791852,68.528718
SPY R735QTJ8XC9X,2/15/2020,51330679,334.161409,322.775272,330.66757,3.946149,338.559868,18.429322,1.775727,0.206871,89.565652
SPY R735QTJ8XC9X,2/19/2020,48303323,333.270576,325.992628,331.140844,2.574108,336.28906,17.946289,1.539162,0.295955,83.872708
SPY R735QTJ8XC9X,2/20/2020,35873788,334.864177,327.815571,331.817814,2.001121,335.820056,18.305026,1.209553,0.295955,80.34188
SPY R735QTJ8XC9X,2/21/2020,67896531,333.547724,328.518086,332.132343,1.807129,335.7466,17.626061,0.838373,0.4276,66.223612
SPY R735QTJ8XC9X,2/22/2020,93304935,330.103169,328.037739,331.763402,1.862831,335.489065,16.693012,0.726524,0.772055,48.480845
SPY R735QTJ8XC9X,2/25/2020,134745991,319.126125,320.710618,329.465715,4.377549,338.220813,15.345552,0.726524,1.695552,29.995913
SPY R735QTJ8XC9X,2/26/2020,193495283,309.515025,309.94872,325.838317,7.944799,341.727914,13.410599,0.48006,2.656662,15.304512
SPY R735QTJ8XC9X,2/27/2020,170064180,308.376739,302.541123,322.663485,10.061181,342.785847,11.709957,0.421661,2.770491,13.209302
SPY R735QTJ8XC9X,2/28/2020,250713493,294.499538,290.202494,317.542767,13.670137,344.883041,9.202822,0.210831,4.158211,4.825555
SPY R735QTJ8XC9X,2/29/2020,343008351,293.143492,281.536072,313.106535,15.785232,344.676999,5.772739,0.210831,4.261152,4.714475
SPY R735QTJ8XC9X,3/3/2020,204961984,305.931897,281.101017,311.802056,15.350519,342.503094,7.822359,1.438201,4.261152,25.234456
SPY R735QTJ8XC9X,3/4/2020,273969582,297.280917,278.856006,309.161849,15.152921,339.467691,5.082663,1.438201,5.037166,22.210333
SPY R735QTJ8XC9X,3/5/2020,147809365,309.722886,282.825694,309.263855,13.219081,335.702017,6.560756,2.523037,5.037166,33.372611
SPY R735QTJ8XC9X,3/6/2020,159935518,299.349629,285.571019,307.461269,10.945125,329.351519,4.961401,2.523037,5.942847,29.802409
SPY R735QTJ8XC9X,3/7/2020,198812260,294.390658,288.658185,305.084794,8.213305,321.511404,2.973279,2.523037,6.094288,29.278658
SPY R735QTJ8XC9X,3/10/2020,276574162,271.615024,277.213867,298.999382,10.892757,320.784897,0.207537,2.523037,7.274147,25.752677
SPY R735QTJ8XC9X,3/11/2020,246156859,285.502123,274.904313,296.545335,10.820511,318.186356,2.669106,3.911747,6.313038,38.257502
SPY R735QTJ8XC9X,3/12/2020,231084855,271.565534,267.69051,292.003553,12.156521,316.316595,0.358257,3.911747,7.592868,34.001549
SPY R735QTJ8XC9X,3/13/2020,345219612,245.573002,246.591265,283.561634,18.485185,320.532004,-3.093939,3.911747,8.804401,30.762046
SPY R735QTJ8XC9X,3/14/2020,284730803,268.229858,242.356164,280.774039,19.208937,319.191913,-0.246631,6.177433,8.668796,41.609441
SPY R735QTJ8XC9X,3/17/2020,262957798,237.011106,227.79245,272.817142,22.512346,317.841834,-2.876209,4.898592,11.790672,29.351758
SPY R735QTJ8XC9X,3/18/2020,233076565,251.600973,223.4108,268.959657,22.774428,314.508513,-0.545443,6.357579,10.925574,36.784835
SPY R735QTJ8XC9X,3/19/2020,298872127,238.555217,220.615454,263.431577,21.408062,306.2477,-3.534165,5.113382,12.230149,29.482936
SPY R735QTJ8XC9X,3/20/2020,260823660,238.703689,219.492957,258.935597,19.72132,298.378237,-0.925928,5.128229,11.192823,31.420947
SPY R735QTJ8XC9X,3/21/2020,302386660,227.886867,216.782266,253.290373,18.254054,289.798481,-3.949795,5.128229,11.778609,30.33228
SPY R735QTJ8XC9X,3/24/2020,279498579,221.534828,208.594283,247.516638,19.461177,286.438992,-6.74478,5.128229,10.136249,33.595838
SPY R735QTJ8XC9X,3/25/2020,211906577,242.542355,216.418511,246.612223,15.096856,276.805935,-4.625715,5.840272,10.136249,36.555344
SPY R735QTJ8XC9X,3/26/2020,276591612,245.668593,222.178726,246.440654,12.130964,270.702581,-1.859798,6.152896,8.74259,41.307118
SPY R735QTJ8XC9X,3/27/2020,221240465,260.254388,222.280806,248.952242,13.335718,275.623678,0.352606,7.611476,6.143337,55.336818
SPY R735QTJ8XC9X,3/28/2020,191100772,252.279493,227.567408,249.557197,10.994894,271.546985,-1.558402,5.34579,6.940827,43.509049
SPY R735QTJ8XC9X,3/31/2020,139023580,260.533161,227.133338,251.552827,12.209744,275.972315,-0.168166,6.171157,3.818951,61.772673
SPY R735QTJ8XC9X,4/1/2020,161039217,256.570604,227.254106,252.46515,12.605522,277.676194,-1.778558,4.71217,4.215207,52.783366
SPY R735QTJ8XC9X,4/2/2020,169930958,245.041354,226.212773,251.115369,12.451298,276.017965,-3.477868,4.71217,4.063556,53.695499
SPY R735QTJ8XC9X,4/3/2020,155554615,250.776111,226.338975,251.053685,12.357355,275.768396,-1.922321,5.270799,4.063556,56.466661
SPY R735QTJ8XC9X,4/4/2020,119957191,247.122195,228.878791,250.338869,10.730039,271.798947,-3.121893,5.270799,3.347266,61.159889
SPY R735QTJ8XC9X,4/7/2020,158582501,263.798786,238.611883,252.786127,7.087122,266.96037,-1.536068,6.938458,2.712062,71.897245
SPY R735QTJ8XC9X,4/8/2020,179350470,263.938173,240.814642,254.813771,6.999565,268.812901,0.257436,4.851644,2.712062,64.143741
SPY R735QTJ8XC9X,4/9/2020,136650147,272.868861,241.725466,258.096515,8.185525,274.467564,1.623938,5.432089,2.712062,66.699267
SPY R735QTJ8XC9X,4/10/2020,162757008,277.010629,241.325371,261.535445,10.105037,281.745519,3.251508,4.387686,2.712062,61.800589
SPY R735QTJ8XC9X,4/14/2020,97805198,274.362287,242.294882,263.867598,10.786358,285.440314,2.273456,4.387686,2.179406,66.81322
SPY R735QTJ8XC9X,4/15/2020,121555312,282.625911,242.192959,267.2782,12.542621,292.363442,3.489009,4.388681,2.179406,66.818251
SPY R735QTJ8XC9X,4/16/2020,108828096,276.532733,243.202784,268.960843,12.879029,294.718901,2.400728,4.388681,2.392469,64.718837
SPY R735QTJ8XC9X,4/17/2020,110483866,277.986334,247.854617,270.601841,11.373612,293.349065,3.505567,4.534042,1.239544,78.530781
SPY R735QTJ8XC9X,4/18/2020,128035841,285.483333,252.015381,273.307567,10.646093,294.599753,4.785925,4.710266,1.239544,79.166667
SPY R735QTJ8XC9X,4/21/2020,88578100,280.375816,260.990335,274.592703,6.801184,288.195071,3.900144,4.710266,1.384904,77.278667
SPY R735QTJ8XC9X,4/22/2020,114249802,271.813506,262.548993,274.087395,5.769201,285.625796,2.757646,3.042607,2.241135,57.584323
SPY R735QTJ8XC9X,4/23/2020,81199788,277.956466,266.713204,274.790862,4.038829,282.86852,3.569644,3.642964,2.241135,61.912014
SPY R735QTJ8XC9X,4/24/2020,97020126,277.856904,267.937462,275.348324,3.705431,282.759187,2.599443,2.749895,2.251091,54.98706
SPY R735QTJ8XC9X,4/25/2020,72750100,281.799549,268.864977,276.521274,3.828149,284.177572,3.326944,2.729983,2.251091,54.807116
SPY R735QTJ8XC9X,4/28/2020,67927123,285.851712,270.065324,278.217717,4.076197,286.370111,4.006215,3.135199,1.986257,61.216952
SPY R735QTJ8XC9X,4/29/2020,96196815,284.517584,270.878833,279.363148,4.242157,287.847463,3.044247,2.308837,2.119669,52.135791
SPY R735QTJ8XC9X,4/30/2020,102743357,291.905066,270.957019,281.643496,5.343239,292.329974,4.07168,3.047585,1.510352,66.863259
SPY R735QTJ8XC9X,5/1/2020,102386813,289.107381,271.732104,283.000566,5.634231,294.269029,3.047812,2.902225,1.79012,61.850202
SPY R735QTJ8XC9X,5/2/2020,110946673,281.500864,271.605203,282.727893,5.561345,293.850584,1.938346,2.152525,2.550772,45.7663
SPY R735QTJ8XC9X,5/5/2020,69860210,282.426788,271.622213,282.673147,5.525467,293.72408,2.636948,2.245117,2.04002,52.393123
SPY R735QTJ8XC9X,5/6/2020,71967810,284.965612,274.590946,283.089959,4.249506,291.588971,3.356626,2.499,1.183789,67.856177
SPY R735QTJ8XC9X,5/7/2020,65325052,283.044071,275.47811,283.081615,3.801753,290.685121,2.703375,1.884704,1.375943,57.801527
SPY R735QTJ8XC9X,5/8/2020,68697076,286.42917,277.35791,283.690262,3.166176,290.022614,3.390346,2.223214,1.365987,61.941748
SPY R735QTJ8XC9X,5/9/2020,61551875,291.188221,278.224857,285.053527,3.414335,291.882197,4.005865,2.304854,1.365987,62.788175
SPY R735QTJ8XC9X,5/12/2020,62066845,291.277827,278.689893,286.185218,3.747663,293.680543,4.626533,1.908599,1.365987,58.285193
SPY R735QTJ8XC9X,5/13/2020,81599408,285.343947,278.614369,286.032259,3.708945,293.45015,3.810539,1.908599,1.825962,51.106372
SPY R735QTJ8XC9X,5/14/2020,125086938,280.435553,277.612196,285.014676,3.70124,292.417157,2.55967,1.16985,2.316802,33.552256
SPY R735QTJ8XC9X,5/15/2020,109970274,283.80074,277.728167,284.793961,3.532897,291.859754,3.659373,1.506369,2.037033,42.511942
SPY R735QTJ8XC9X,5/16/2020,85542164,285.005437,278.167514,284.832411,3.332448,291.497308,4.514794,1.626839,1.276382,56.035665
SPY R735QTJ8XC9X,5/19/2020,100199829,293.702155,278.479896,286.445092,3.982598,294.410288,5.516792,2.403918,1.276382,65.318545
SPY R735QTJ8XC9X,5/20/2020,78610458,290.740193,278.963366,287.226019,4.131327,295.488672,4.730688,2.150036,1.572578,57.756085
SPY R735QTJ8XC9X,5/21/2020,66129960,295.658543,279.558191,288.759205,4.600507,297.96022,5.391987,2.641871,1.380424,65.680693
SPY R735QTJ8XC9X,5/22/2020,69465695,293.488097,280.042808,289.619004,4.788098,299.1952,4.697331,2.303361,1.597468,59.047984
SPY R735QTJ8XC9X,5/23/2020,53112290,294.125292,280.448332,290.438329,4.994999,300.428327,5.228453,1.891175,1.597468,54.209475
SPY R735QTJ8XC9X,5/27/2020,79903913,297.838945,280.586773,291.783896,5.598561,302.981018,6.027493,2.25358,1.597468,58.518614
SPY R735QTJ8XC9X,5/28/2020,91879296,302.149969,280.851918,293.668636,6.408359,306.485355,6.946286,2.684682,1.00408,72.780027
SPY R735QTJ8XC9X,5/29/2020,80160521,301.632248,283.493554,295.116565,5.811506,306.739577,6.14468,2.684682,0.565013,82.613358
SPY R735QTJ8XC9X,5/30/2020,101167416,302.826988,285.888342,296.518461,5.315059,307.14858,7.156354,2.467638,0.565013,81.369009
SPY R735QTJ8XC9X,6/2/2020,46584514,304.240765,288.902006,297.922516,4.510255,306.943025,7.6222,2.488546,0.565013,81.496576
SPY R735QTJ8XC9X,6/3/2020,66722656,306.779589,289.446483,299.532893,5.043205,309.619303,8.289426,1.872756,0.565013,76.822544
SPY R735QTJ8XC9X,6/4/2020,78834783,310.841708,290.85551,301.589041,5.366766,312.322573,9.077774,2.278968,0.268817,89.449004
SPY R735QTJ8XC9X,6/5/2020,68005559,309.945653,291.789465,303.108425,5.65948,314.427385,8.397718,1.787133,0.358422,83.294664
SPY R735QTJ8XC9X,6/6/2020,122289630,317.870767,292.809331,305.792487,6.491578,318.775644,9.620615,2.579645,0.141378,94.804244
SPY R735QTJ8XC9X,6/9/2020,64495645,321.833325,294.294829,308.709003,7.207087,323.123178,10.265571,2.912181,0.141378,95.370068
SPY R735QTJ8XC9X,6/10/2020,67333262,319.404018,296.27099,310.653551,7.191281,325.036113,9.592239,2.540816,0.384308,86.861811
SPY R735QTJ8XC9X,6/11/2020,83996585,317.601951,297.816058,311.916897,7.050419,326.017735,8.752273,2.109713,0.564515,78.890544
SPY R735QTJ8XC9X,6/12/2020,181990300,299.28259,294.821454,309.61975,7.399148,324.418046,6.93237,2.109713,2.344679,47.362539
SPY R735QTJ8XC9X,6/13/2020,169672623,302.946462,293.634576,308.406425,7.385925,323.178275,8.629096,2.356626,2.344679,50.127065
SPY R735QTJ8XC9X,6/16/2020,124290009,305.68441,293.38343,307.911513,7.264042,322.439597,9.871996,2.489044,2.344679,51.493306
SPY R735QTJ8XC9X,6/17/2020,121454486,311.558553,294.35089,308.574611,7.111861,322.798333,11.086541,2.822575,2.344679,54.624277
SPY R735QTJ8XC9X,6/18/2020,74189382,310.204513,294.626787,308.870957,7.122085,323.115128,10.344647,2.416363,2.480083,49.349329
SPY R735QTJ8XC9X,6/19/2020,64544823,310.373768,294.918009,309.144196,7.113093,323.370383,10.990095,2.433289,2.390477,50.443756
SPY R735QTJ8XC9X,6/20/2020,112114549,308.56,295.346712,309.037978,6.845633,322.729244,9.86895,1.640777,2.571854,38.94899
SPY R735QTJ8XC9X,6/23/2020,63834097,310.65,297.786768,309.331073,5.772152,320.875378,10.507291,1.453522,2.571854,36.108969
SPY R735QTJ8XC9X,6/24/2020,59366273,312.03,300.066406,309.821787,4.87769,,,,,
